signal_date,regime,exposure,top3
2014-12-31,reversal,1.0,医药生物|电子|美容护理
2015-01-09,reversal,1.0,医药生物|电子|美容护理
2015-01-16,reversal,1.0,医药生物|电子|美容护理
2015-01-23,reversal,1.0,医药生物|电子|美容护理
2015-01-30,reversal,1.0,医药生物|电子|美容护理
2015-02-06,momentum,0.0,建筑装饰|钢铁|非银金融
2015-02-13,reversal,0.0,农林牧渔|电子|美容护理
2015-02-17,reversal,1.0,农林牧渔|电子|美容护理
2015-02-27,reversal,0.0,电子|社会服务|美容护理
2015-03-06,reversal,0.0,煤炭|银行|食品饮料
2015-03-13,reversal,0.0,国防军工|煤炭|食品饮料
2015-03-20,reversal,0.0,煤炭|银行|非银金融
2015-03-27,reversal,0.0,煤炭|银行|食品饮料
2015-04-03,reversal,0.0,煤炭|银行|非银金融
2015-04-10,reversal,0.0,煤炭|银行|食品饮料
2015-04-17,momentum,0.0,建筑装饰|钢铁|非银金融
2015-04-24,momentum,1.0,建筑装饰|钢铁|非银金融
2015-04-30,momentum,0.0,建筑装饰|计算机|钢铁
2015-05-08,momentum,0.0,建筑装饰|计算机|非银金融
2015-05-15,momentum,0.0,国防军工|建筑装饰|计算机
2015-05-22,momentum,1.0,国防军工|建筑装饰|计算机
2015-05-29,momentum,1.0,国防军工|建筑装饰|计算机
2015-06-05,reversal,0.0,美容护理|银行|非银金融
2015-06-12,reversal,1.0,美容护理|银行|非银金融
2015-06-19,reversal,1.0,美容护理|银行|非银金融
2015-06-26,reversal,0.0,建筑装饰|银行|非银金融
2015-07-03,reversal,0.0,建筑装饰|有色金属|非银金融
2015-07-10,reversal,0.0,有色金属|环保|美容护理
2015-07-17,reversal,0.0,有色金属|美容护理|非银金融
2015-07-24,reversal,0.0,建筑装饰|有色金属|非银金融
2015-07-31,momentum,0.0,交通运输|国防军工|建筑装饰
2015-08-07,momentum,1.0,交通运输|国防军工|建筑装饰
2015-08-14,reversal,0.0,传媒|计算机|非银金融
2015-08-21,reversal,0.0,机械设备|计算机|非银金融
2015-08-28,reversal,0.0,传媒|计算机|非银金融
2015-09-02,reversal,0.0,有色金属|机械设备|计算机
2015-09-11,reversal,0.0,有色金属|计算机|非银金融
2015-09-18,momentum,0.0,交通运输|建筑装饰|轻工制造
2015-09-25,momentum,1.0,交通运输|建筑装饰|轻工制造
2015-09-30,momentum,0.0,交通运输|建筑装饰|计算机
2015-10-09,momentum,1.0,交通运输|建筑装饰|计算机
2015-10-16,momentum,1.0,交通运输|建筑装饰|计算机
2015-10-23,momentum,1.0,交通运输|建筑装饰|计算机
2015-10-30,reversal,0.0,国防军工|煤炭|钢铁
2015-11-06,momentum,0.0,传媒|建筑装饰|计算机
2015-11-13,momentum,0.0,建筑装饰|纺织服饰|计算机
2015-11-20,momentum,0.0,纺织服饰|计算机|轻工制造
2015-11-27,momentum,1.0,纺织服饰|计算机|轻工制造
2015-12-04,momentum,1.0,纺织服饰|计算机|轻工制造
2015-12-11,momentum,1.0,纺织服饰|计算机|轻工制造
2015-12-18,reversal,0.0,交通运输|钢铁|银行
2015-12-25,momentum,0.0,纺织服饰|计算机|轻工制造
2015-12-31,reversal,0.0,交通运输|国防军工|钢铁
2016-01-08,reversal,0.0,交通运输|国防军工|建筑装饰
2016-01-15,reversal,1.0,交通运输|国防军工|建筑装饰
2016-01-22,reversal,0.0,交通运输|公用事业|国防军工
2016-01-29,reversal,0.0,交通运输|国防军工|建筑装饰
2016-02-05,reversal,0.0,公用事业|国防军工|钢铁
2016-02-19,momentum,0.0,社会服务|纺织服饰|轻工制造
2016-02-26,momentum,0.0,农林牧渔|社会服务|纺织服饰
2016-03-04,momentum,0.0,农林牧渔|房地产|纺织服饰
2016-03-11,momentum,0.0,农林牧渔|社会服务|纺织服饰
2016-03-18,reversal,0.0,传媒|综合|计算机
2016-03-25,reversal,1.0,传媒|综合|计算机
2016-04-01,momentum,0.0,农林牧渔|社会服务|纺织服饰
2016-04-08,reversal,0.0,国防军工|通信|钢铁
2016-04-15,reversal,0.0,交通运输|公用事业|钢铁
2016-04-22,momentum,0.0,农林牧渔|社会服务|纺织服饰
2016-04-29,momentum,0.0,农林牧渔|纺织服饰|综合
2016-05-06,momentum,0.0,农林牧渔|银行|食品饮料
2016-05-13,momentum,1.0,农林牧渔|银行|食品饮料
2016-05-20,momentum,1.0,农林牧渔|银行|食品饮料
2016-05-27,momentum,1.0,农林牧渔|银行|食品饮料
2016-06-03,momentum,1.0,农林牧渔|银行|食品饮料
2016-06-08,momentum,1.0,农林牧渔|银行|食品饮料
2016-06-17,momentum,1.0,农林牧渔|银行|食品饮料
2016-06-24,momentum,0.0,电子|银行|食品饮料
2016-07-01,momentum,0.0,农林牧渔|有色金属|食品饮料
2016-07-08,momentum,1.0,农林牧渔|有色金属|食品饮料
2016-07-15,momentum,0.0,有色金属|美容护理|食品饮料
2016-07-22,momentum,1.0,有色金属|美容护理|食品饮料
2016-07-29,momentum,1.0,有色金属|美容护理|食品饮料
2016-08-05,reversal,0.0,交通运输|传媒|社会服务
2016-08-12,reversal,1.0,交通运输|传媒|社会服务
2016-08-19,reversal,0.0,传媒|社会服务|银行
2016-08-26,reversal,0.0,交通运输|传媒|纺织服饰
2016-09-02,reversal,0.0,交通运输|传媒|计算机
2016-09-09,momentum,0.0,家用电器|有色金属|电子
2016-09-14,momentum,1.0,家用电器|有色金属|电子
2016-09-23,momentum,1.0,家用电器|有色金属|电子
2016-09-30,momentum,0.0,家用电器|电子|食品饮料
2016-10-14,momentum,1.0,家用电器|电子|食品饮料
2016-10-21,momentum,1.0,家用电器|电子|食品饮料
2016-10-28,momentum,0.0,家用电器|建筑材料|食品饮料
2016-11-04,momentum,1.0,家用电器|建筑材料|食品饮料
2016-11-11,momentum,0.0,建筑材料|有色金属|食品饮料
2016-11-18,momentum,0.0,建筑材料|煤炭|食品饮料
2016-11-25,momentum,0.0,家用电器|煤炭|食品饮料
2016-12-02,momentum,0.0,家用电器|建筑装饰|食品饮料
2016-12-09,momentum,0.0,家用电器|煤炭|食品饮料
2016-12-16,momentum,0.0,建筑材料|煤炭|食品饮料
2016-12-23,momentum,0.0,建筑装饰|煤炭|食品饮料
2016-12-30,momentum,0.0,建筑材料|建筑装饰|食品饮料
2017-01-06,momentum,1.0,建筑材料|建筑装饰|食品饮料
2017-01-13,momentum,0.0,建筑材料|石油石化|食品饮料
2017-01-20,momentum,0.0,建筑材料|建筑装饰|食品饮料
2017-01-26,momentum,1.0,建筑材料|建筑装饰|食品饮料
2017-02-03,momentum,1.0,建筑材料|建筑装饰|食品饮料
2017-02-10,reversal,0.0,传媒|电子|计算机
2017-02-17,reversal,0.0,传媒|计算机|通信
2017-02-24,reversal,0.0,传媒|煤炭|计算机
2017-03-03,reversal,0.0,传媒|房地产|计算机
2017-03-10,momentum,0.0,家用电器|建筑材料|食品饮料
2017-03-17,momentum,1.0,家用电器|建筑材料|食品饮料
2017-03-24,momentum,0.0,家用电器|建筑材料|建筑装饰
2017-03-31,momentum,0.0,家用电器|建筑装饰|食品饮料
2017-04-07,momentum,1.0,家用电器|建筑装饰|食品饮料
2017-04-14,momentum,0.0,家用电器|建筑材料|建筑装饰
2017-04-21,momentum,0.0,家用电器|建筑装饰|食品饮料
2017-04-28,momentum,0.0,家用电器|建筑材料|建筑装饰
2017-05-05,momentum,1.0,家用电器|建筑材料|建筑装饰
2017-05-12,momentum,1.0,家用电器|建筑材料|建筑装饰
2017-05-19,momentum,1.0,家用电器|建筑材料|建筑装饰
2017-05-26,momentum,0.0,家用电器|建筑装饰|食品饮料
2017-06-02,momentum,1.0,家用电器|建筑装饰|食品饮料
2017-06-09,reversal,0.0,农林牧渔|国防军工|综合
2017-06-16,reversal,1.0,农林牧渔|国防军工|综合
2017-06-23,reversal,1.0,农林牧渔|国防军工|综合
2017-06-30,momentum,0.0,家用电器|建筑装饰|食品饮料
2017-07-07,momentum,0.0,家用电器|建筑材料|钢铁
2017-07-14,momentum,0.0,家用电器|建筑装饰|钢铁
2017-07-21,momentum,1.0,家用电器|建筑装饰|钢铁
2017-07-28,momentum,1.0,家用电器|建筑装饰|钢铁
2017-08-04,reversal,0.0,传媒|环保|纺织服饰
2017-08-11,reversal,0.0,环保|纺织服饰|美容护理
2017-08-18,reversal,0.0,公用事业|环保|纺织服饰
2017-08-25,reversal,0.0,传媒|环保|纺织服饰
2017-09-01,reversal,1.0,传媒|环保|纺织服饰
2017-09-08,reversal,1.0,传媒|环保|纺织服饰
2017-09-15,reversal,0.0,公用事业|家用电器|环保
2017-09-22,reversal,0.0,传媒|公用事业|环保
2017-09-29,reversal,0.0,公用事业|环保|纺织服饰
2017-10-13,reversal,0.0,建筑装饰|纺织服饰|银行
2017-10-20,reversal,0.0,建筑装饰|煤炭|石油石化
2017-10-27,reversal,0.0,煤炭|石油石化|银行
2017-11-03,reversal,0.0,国防军工|煤炭|钢铁
2017-11-10,momentum,0.0,家用电器|钢铁|食品饮料
2017-11-17,momentum,1.0,家用电器|钢铁|食品饮料
2017-11-24,momentum,1.0,家用电器|钢铁|食品饮料
2017-12-01,momentum,1.0,家用电器|钢铁|食品饮料
2017-12-08,momentum,0.0,家用电器|非银金融|食品饮料
2017-12-15,reversal,0.0,有色金属|煤炭|综合
2017-12-22,momentum,0.0,家用电器|非银金融|食品饮料
2017-12-29,momentum,1.0,家用电器|非银金融|食品饮料
2018-01-05,momentum,0.0,家用电器|钢铁|食品饮料
2018-01-12,momentum,0.0,家用电器|有色金属|食品饮料
2018-01-19,momentum,0.0,家用电器|非银金融|食品饮料
2018-01-26,momentum,1.0,家用电器|非银金融|食品饮料
2018-02-02,reversal,0.0,电子|综合|通信
2018-02-09,reversal,1.0,电子|综合|通信
2018-02-14,reversal,1.0,电子|综合|通信
2018-02-23,reversal,0.0,国防军工|综合|通信
2018-03-02,reversal,0.0,国防军工|环保|综合
2018-03-09,reversal,1.0,国防军工|环保|综合
2018-03-16,reversal,1.0,国防军工|环保|综合
2018-03-23,reversal,0.0,环保|综合|通信
2018-03-30,reversal,0.0,煤炭|环保|综合
2018-04-04,reversal,1.0,煤炭|环保|综合
2018-04-13,reversal,0.0,煤炭|综合|食品饮料
2018-04-20,reversal,0.0,房地产|煤炭|非银金融
2018-04-27,momentum,0.0,医药生物|家用电器|食品饮料
2018-05-04,momentum,1.0,医药生物|家用电器|食品饮料
2018-05-11,reversal,0.0,煤炭|钢铁|银行
2018-05-18,reversal,1.0,煤炭|钢铁|银行
2018-05-25,reversal,0.0,家用电器|煤炭|钢铁
2018-06-01,reversal,0.0,煤炭|综合|钢铁
2018-06-08,reversal,0.0,传媒|电力设备|综合
2018-06-15,momentum,0.0,医药生物|社会服务|食品饮料
2018-06-22,momentum,1.0,医药生物|社会服务|食品饮料
2018-06-29,momentum,1.0,医药生物|社会服务|食品饮料
2018-07-06,momentum,1.0,医药生物|社会服务|食品饮料
2018-07-13,reversal,0.0,国防军工|综合|通信
2018-07-20,reversal,0.0,房地产|电力设备|综合
2018-07-27,reversal,0.0,环保|电力设备|通信
2018-08-03,reversal,0.0,房地产|电力设备|通信
2018-08-10,reversal,0.0,有色金属|环保|电力设备
2018-08-17,reversal,0.0,传媒|环保|电力设备
2018-08-24,momentum,0.0,医药生物|社会服务|食品饮料
2018-08-31,momentum,0.0,石油石化|社会服务|食品饮料
2018-09-07,momentum,1.0,石油石化|社会服务|食品饮料
2018-09-14,momentum,1.0,石油石化|社会服务|食品饮料
2018-09-21,momentum,1.0,石油石化|社会服务|食品饮料
2018-09-28,momentum,1.0,石油石化|社会服务|食品饮料
2018-10-12,reversal,0.0,环保|电子|美容护理
2018-10-19,reversal,1.0,环保|电子|美容护理
2018-10-26,reversal,1.0,环保|电子|美容护理
2018-11-02,reversal,1.0,环保|电子|美容护理
2018-11-09,reversal,0.0,环保|电子|食品饮料
2018-11-16,reversal,0.0,基础化工|电子|食品饮料
2018-11-23,reversal,0.0,电子|钢铁|食品饮料
2018-11-30,reversal,0.0,电子|石油石化|钢铁
2018-12-07,momentum,0.0,社会服务|美容护理|银行
2018-12-14,momentum,1.0,社会服务|美容护理|银行
2018-12-21,momentum,1.0,社会服务|美容护理|银行
2018-12-28,momentum,1.0,社会服务|美容护理|银行
2019-01-04,momentum,1.0,社会服务|美容护理|银行
2019-01-11,momentum,1.0,社会服务|美容护理|银行
2019-01-18,momentum,0.0,社会服务|美容护理|计算机
2019-01-25,momentum,0.0,社会服务|银行|食品饮料
2019-02-01,reversal,0.0,医药生物|石油石化|钢铁
2019-02-15,momentum,0.0,农林牧渔|计算机|食品饮料
2019-02-22,momentum,0.0,农林牧渔|计算机|非银金融
2019-03-01,momentum,0.0,农林牧渔|非银金融|食品饮料
2019-03-08,momentum,0.0,农林牧渔|计算机|非银金融
2019-03-15,momentum,0.0,农林牧渔|非银金融|食品饮料
2019-03-22,reversal,0.0,建筑装饰|石油石化|银行
2019-03-29,reversal,0.0,公用事业|建筑装饰|银行
2019-04-04,reversal,1.0,公用事业|建筑装饰|银行
2019-04-12,reversal,1.0,公用事业|建筑装饰|银行
2019-04-19,reversal,0.0,公用事业|钢铁|银行
2019-04-26,reversal,0.0,建筑装饰|钢铁|银行
2019-04-30,reversal,0.0,建筑装饰|有色金属|钢铁
2019-05-10,reversal,0.0,建筑装饰|钢铁|银行
2019-05-17,reversal,0.0,建筑装饰|电子|钢铁
2019-05-24,reversal,0.0,传媒|电子|通信
2019-05-31,reversal,0.0,传媒|环保|钢铁
2019-06-06,reversal,0.0,传媒|电子|计算机
2019-06-14,reversal,0.0,传媒|电子|钢铁
2019-06-21,momentum,0.0,农林牧渔|通信|非银金融
2019-06-28,momentum,0.0,农林牧渔|非银金融|食品饮料
2019-07-05,momentum,1.0,农林牧渔|非银金融|食品饮料
2019-07-12,reversal,0.0,传媒|轻工制造|钢铁
2019-07-19,reversal,0.0,传媒|通信|钢铁
2019-07-26,reversal,1.0,传媒|通信|钢铁
2019-08-02,reversal,0.0,商贸零售|纺织服饰|钢铁
2019-08-09,reversal,1.0,商贸零售|纺织服饰|钢铁
2019-08-16,momentum,0.0,农林牧渔|非银金融|食品饮料
2019-08-23,reversal,0.0,煤炭|石油石化|钢铁
2019-08-30,reversal,0.0,房地产|石油石化|钢铁
2019-09-06,reversal,0.0,建筑装饰|房地产|钢铁
2019-09-12,reversal,0.0,环保|钢铁|银行
2019-09-20,reversal,0.0,煤炭|环保|钢铁
2019-09-27,reversal,0.0,房地产|环保|钢铁
2019-09-30,reversal,1.0,房地产|环保|钢铁
2019-10-11,reversal,0.0,建筑装饰|环保|钢铁
2019-10-18,reversal,0.0,建筑装饰|有色金属|钢铁
2019-10-25,momentum,0.0,农林牧渔|电子|食品饮料
2019-11-01,momentum,0.0,农林牧渔|家用电器|食品饮料
2019-11-08,momentum,0.0,农林牧渔|电子|食品饮料
2019-11-15,momentum,1.0,农林牧渔|电子|食品饮料
2019-11-22,momentum,1.0,农林牧渔|电子|食品饮料
2019-11-29,momentum,1.0,农林牧渔|电子|食品饮料
2019-12-06,momentum,0.0,家用电器|电子|食品饮料
2019-12-13,momentum,1.0,家用电器|电子|食品饮料
2019-12-20,momentum,1.0,家用电器|电子|食品饮料
2019-12-27,momentum,1.0,家用电器|电子|食品饮料
2020-01-03,momentum,1.0,家用电器|电子|食品饮料
2020-01-10,momentum,1.0,家用电器|电子|食品饮料
2020-01-17,momentum,0.0,电子|计算机|食品饮料
2020-01-23,momentum,1.0,电子|计算机|食品饮料
2020-02-07,reversal,0.0,农林牧渔|社会服务|银行
2020-02-14,reversal,0.0,交通运输|银行|食品饮料
2020-02-21,reversal,1.0,交通运输|银行|食品饮料
2020-02-28,reversal,0.0,交通运输|钢铁|银行
2020-03-06,reversal,0.0,交通运输|社会服务|银行
2020-03-13,momentum,0.0,电子|计算机|食品饮料
2020-03-20,momentum,0.0,建筑材料|电子|食品饮料
2020-03-27,momentum,0.0,医药生物|电子|食品饮料
2020-04-03,momentum,0.0,农林牧渔|电子|食品饮料
2020-04-10,momentum,0.0,医药生物|电子|食品饮料
2020-04-17,momentum,0.0,医药生物|建筑材料|电子
2020-04-24,momentum,1.0,医药生物|建筑材料|电子
2020-04-30,reversal,0.0,家用电器|有色金属|石油石化
2020-05-08,reversal,0.0,有色金属|石油石化|纺织服饰
2020-05-15,reversal,0.0,有色金属|石油石化|非银金融
2020-05-22,reversal,0.0,有色金属|电子|计算机
2020-05-29,reversal,0.0,电子|石油石化|通信
2020-06-05,momentum,0.0,医药生物|电子|美容护理
2020-06-12,momentum,1.0,医药生物|电子|美容护理
2020-06-19,momentum,1.0,医药生物|电子|美容护理
2020-06-24,momentum,1.0,医药生物|电子|美容护理
2020-07-03,momentum,1.0,医药生物|电子|美容护理
2020-07-10,momentum,0.0,电子|社会服务|美容护理
2020-07-17,reversal,0.0,建筑装饰|纺织服饰|钢铁
2020-07-24,reversal,0.0,建筑装饰|纺织服饰|通信
2020-07-31,momentum,0.0,医药生物|电子|社会服务
2020-08-07,momentum,1.0,医药生物|电子|社会服务
2020-08-14,momentum,1.0,医药生物|电子|社会服务
2020-08-21,momentum,0.0,建筑材料|电子|社会服务
2020-08-28,momentum,0.0,医药生物|建筑材料|社会服务
2020-09-04,momentum,0.0,医药生物|社会服务|食品饮料
2020-09-11,momentum,1.0,医药生物|社会服务|食品饮料
2020-09-18,reversal,0.0,商贸零售|美容护理|通信
2020-09-25,reversal,0.0,商贸零售|计算机|通信
2020-09-30,reversal,1.0,商贸零售|计算机|通信
2020-10-09,reversal,1.0,商贸零售|计算机|通信
2020-10-16,reversal,1.0,商贸零售|计算机|通信
2020-10-23,reversal,0.0,农林牧渔|商贸零售|社会服务
2020-10-30,reversal,0.0,农林牧渔|商贸零售|通信
2020-11-06,momentum,0.0,电力设备|社会服务|美容护理
2020-11-13,momentum,1.0,电力设备|社会服务|美容护理
2020-11-20,momentum,0.0,电力设备|社会服务|食品饮料
2020-11-27,momentum,1.0,电力设备|社会服务|食品饮料
2020-12-04,momentum,1.0,电力设备|社会服务|食品饮料
2020-12-11,reversal,0.0,农林牧渔|商贸零售|环保
2020-12-18,reversal,0.0,传媒|商贸零售|环保
2020-12-25,reversal,0.0,传媒|商贸零售|计算机
2020-12-31,momentum,0.0,电力设备|社会服务|食品饮料
2021-01-08,momentum,1.0,电力设备|社会服务|食品饮料
2021-01-15,momentum,1.0,电力设备|社会服务|食品饮料
2021-01-22,momentum,1.0,电力设备|社会服务|食品饮料
2021-01-29,reversal,0.0,商贸零售|环保|通信
2021-02-05,reversal,1.0,商贸零售|环保|通信
2021-02-10,reversal,1.0,商贸零售|环保|通信
2021-02-19,reversal,1.0,商贸零售|环保|通信
2021-02-26,reversal,0.0,商贸零售|纺织服饰|通信
2021-03-05,reversal,0.0,商贸零售|通信|非银金融
2021-03-12,momentum,0.0,电力设备|社会服务|食品饮料
2021-03-19,momentum,1.0,电力设备|社会服务|食品饮料
2021-03-26,momentum,1.0,电力设备|社会服务|食品饮料
2021-04-02,reversal,0.0,国防军工|通信|非银金融
2021-04-09,reversal,0.0,国防军工|电力设备|食品饮料
2021-04-16,reversal,0.0,国防军工|电子|非银金融
2021-04-23,reversal,0.0,国防军工|通信|非银金融
2021-04-30,momentum,0.0,电力设备|社会服务|食品饮料
2021-05-07,momentum,0.0,有色金属|电力设备|社会服务
2021-05-14,momentum,1.0,有色金属|电力设备|社会服务
2021-05-21,momentum,1.0,有色金属|电力设备|社会服务
2021-05-28,momentum,0.0,电力设备|社会服务|食品饮料
2021-06-04,momentum,1.0,电力设备|社会服务|食品饮料
2021-06-11,reversal,0.0,农林牧渔|房地产|非银金融
2021-06-18,reversal,0.0,农林牧渔|家用电器|房地产
2021-06-25,reversal,0.0,农林牧渔|家用电器|社会服务
2021-07-02,momentum,0.0,基础化工|汽车|电力设备
2021-07-09,momentum,0.0,基础化工|有色金属|电力设备
2021-07-16,momentum,1.0,基础化工|有色金属|电力设备
2021-07-23,momentum,0.0,有色金属|电力设备|钢铁
2021-07-30,momentum,1.0,有色金属|电力设备|钢铁
2021-08-06,momentum,1.0,有色金属|电力设备|钢铁
2021-08-13,momentum,1.0,有色金属|电力设备|钢铁
2021-08-20,momentum,1.0,有色金属|电力设备|钢铁
2021-08-27,momentum,1.0,有色金属|电力设备|钢铁
2021-09-03,momentum,1.0,有色金属|电力设备|钢铁
2021-09-10,reversal,0.0,医药生物|美容护理|食品饮料
2021-09-17,reversal,0.0,社会服务|美容护理|食品饮料
2021-09-24,reversal,1.0,社会服务|美容护理|食品饮料
2021-09-30,reversal,0.0,纺织服饰|美容护理|食品饮料
2021-10-08,reversal,0.0,医药生物|美容护理|食品饮料
2021-10-15,reversal,0.0,医药生物|综合|美容护理
2021-10-22,reversal,1.0,医药生物|综合|美容护理
2021-10-29,reversal,0.0,医药生物|电子|通信
2021-11-05,reversal,0.0,医药生物|建筑材料|钢铁
2021-11-12,reversal,0.0,建筑材料|美容护理|钢铁
2021-11-19,reversal,0.0,建筑材料|综合|钢铁
2021-11-26,reversal,1.0,建筑材料|综合|钢铁
2021-12-03,momentum,0.0,有色金属|煤炭|电力设备
2021-12-10,momentum,1.0,有色金属|煤炭|电力设备
2021-12-17,momentum,1.0,有色金属|煤炭|电力设备
2021-12-24,reversal,0.0,基础化工|石油石化|钢铁
2021-12-31,reversal,0.0,煤炭|石油石化|钢铁
2022-01-07,reversal,0.0,煤炭|社会服务|美容护理
2022-01-14,reversal,0.0,煤炭|美容护理|钢铁
2022-01-21,momentum,0.0,公用事业|煤炭|钢铁
2022-01-28,reversal,0.0,汽车|电力设备|美容护理
2022-02-11,reversal,0.0,国防军工|电力设备|美容护理
2022-02-18,reversal,1.0,国防军工|电力设备|美容护理
2022-02-25,reversal,0.0,汽车|电力设备|美容护理
2022-03-04,reversal,0.0,国防军工|汽车|电力设备
2022-03-11,reversal,0.0,汽车|电子|美容护理
2022-03-18,momentum,0.0,有色金属|煤炭|电力设备
2022-03-25,momentum,1.0,有色金属|煤炭|电力设备
2022-04-01,momentum,1.0,有色金属|煤炭|电力设备
2022-04-08,momentum,1.0,有色金属|煤炭|电力设备
2022-04-15,momentum,0.0,基础化工|有色金属|煤炭
2022-04-22,momentum,0.0,公用事业|有色金属|煤炭
2022-04-29,momentum,0.0,公用事业|建筑装饰|煤炭
2022-05-06,momentum,0.0,建筑装饰|煤炭|电力设备
2022-05-13,momentum,1.0,建筑装饰|煤炭|电力设备
2022-05-20,momentum,1.0,建筑装饰|煤炭|电力设备
2022-05-27,reversal,0.0,机械设备|电子|计算机
2022-06-02,reversal,0.0,环保|电子|计算机
2022-06-10,reversal,1.0,环保|电子|计算机
2022-06-17,reversal,1.0,环保|电子|计算机
2022-06-24,reversal,0.0,医药生物|电子|计算机
2022-07-01,reversal,0.0,传媒|房地产|计算机
2022-07-08,reversal,0.0,建筑装饰|房地产|银行
2022-07-15,momentum,0.0,公用事业|煤炭|电力设备
2022-07-22,momentum,0.0,公用事业|农林牧渔|煤炭
2022-07-29,momentum,1.0,公用事业|农林牧渔|煤炭
2022-08-05,momentum,1.0,公用事业|农林牧渔|煤炭
2022-08-12,momentum,1.0,公用事业|农林牧渔|煤炭
2022-08-19,momentum,1.0,公用事业|农林牧渔|煤炭
2022-08-26,momentum,1.0,公用事业|农林牧渔|煤炭
2022-09-02,momentum,0.0,农林牧渔|煤炭|通信
2022-09-09,momentum,0.0,农林牧渔|煤炭|综合
2022-09-16,momentum,1.0,农林牧渔|煤炭|综合
2022-09-23,momentum,1.0,农林牧渔|煤炭|综合
2022-09-30,momentum,0.0,交通运输|煤炭|综合
2022-10-14,reversal,0.0,建筑材料|电力设备|钢铁
2022-10-21,reversal,0.0,建筑材料|汽车|食品饮料
2022-10-28,reversal,1.0,建筑材料|汽车|食品饮料
2022-11-04,reversal,0.0,家用电器|建筑材料|食品饮料
2022-11-11,reversal,0.0,电力设备|电子|食品饮料
2022-11-18,momentum,0.0,交通运输|煤炭|综合
2022-11-25,momentum,0.0,建筑装饰|煤炭|综合
2022-12-02,momentum,0.0,煤炭|社会服务|综合
2022-12-09,momentum,0.0,交通运输|煤炭|综合
2022-12-16,reversal,0.0,国防军工|煤炭|石油石化
2022-12-23,reversal,1.0,国防军工|煤炭|石油石化
2022-12-30,reversal,0.0,煤炭|电力设备|石油石化
2023-01-06,momentum,0.0,煤炭|社会服务|综合
2023-01-13,reversal,0.0,公用事业|国防军工|煤炭
2023-01-20,reversal,1.0,公用事业|国防军工|煤炭
2023-02-03,reversal,0.0,国防军工|煤炭|电力设备
2023-02-10,reversal,1.0,国防军工|煤炭|电力设备
2023-02-17,reversal,0.0,国防军工|煤炭|电子
2023-02-24,reversal,0.0,公用事业|煤炭|电力设备
2023-03-03,reversal,0.0,商贸零售|房地产|电力设备
2023-03-10,reversal,0.0,商贸零售|房地产|综合
2023-03-17,reversal,0.0,商贸零售|房地产|电力设备
2023-03-24,reversal,0.0,商贸零售|房地产|美容护理
2023-03-31,reversal,0.0,商贸零售|房地产|银行
2023-04-07,momentum,0.0,传媒|计算机|通信
2023-04-14,momentum,1.0,传媒|计算机|通信
2023-04-21,momentum,1.0,传媒|计算机|通信
2023-04-28,momentum,1.0,传媒|计算机|通信
2023-05-05,momentum,1.0,传媒|计算机|通信
2023-05-12,momentum,1.0,传媒|计算机|通信
2023-05-19,momentum,1.0,传媒|计算机|通信
2023-05-26,momentum,1.0,传媒|计算机|通信
2023-06-02,reversal,0.0,商贸零售|基础化工|建筑材料
2023-06-09,reversal,0.0,商贸零售|基础化工|美容护理
2023-06-16,reversal,0.0,商贸零售|基础化工|钢铁
2023-06-21,reversal,0.0,商贸零售|基础化工|建筑材料
2023-06-30,reversal,0.0,商贸零售|建筑材料|食品饮料
2023-07-07,reversal,0.0,商贸零售|建筑材料|计算机
2023-07-14,reversal,0.0,商贸零售|建筑材料|房地产
2023-07-21,reversal,0.0,商贸零售|煤炭|计算机
2023-07-28,reversal,0.0,传媒|商贸零售|煤炭
2023-08-04,reversal,0.0,传媒|医药生物|煤炭
2023-08-11,reversal,1.0,传媒|医药生物|煤炭
2023-08-18,reversal,1.0,传媒|医药生物|煤炭
2023-08-25,reversal,0.0,传媒|医药生物|计算机
2023-09-01,reversal,1.0,传媒|医药生物|计算机
2023-09-08,reversal,0.0,传媒|计算机|通信
2023-09-15,reversal,1.0,传媒|计算机|通信
2023-09-22,reversal,0.0,传媒|电力设备|计算机
2023-09-28,reversal,1.0,传媒|电力设备|计算机
2023-10-13,reversal,0.0,传媒|电力设备|社会服务
2023-10-20,momentum,0.0,传媒|通信|非银金融
2023-10-27,momentum,0.0,传媒|家用电器|通信
2023-11-03,momentum,0.0,传媒|通信|非银金融
2023-11-10,momentum,0.0,传媒|计算机|通信
2023-11-17,momentum,1.0,传媒|计算机|通信
2023-11-24,momentum,1.0,传媒|计算机|通信
2023-12-01,momentum,1.0,传媒|计算机|通信
2023-12-08,momentum,1.0,传媒|计算机|通信
2023-12-15,momentum,1.0,传媒|计算机|通信
2023-12-22,momentum,1.0,传媒|计算机|通信
2023-12-29,momentum,0.0,传媒|电子|通信
2024-01-05,momentum,0.0,传媒|煤炭|通信
2024-01-12,momentum,1.0,传媒|煤炭|通信
2024-01-19,momentum,1.0,传媒|煤炭|通信
2024-01-26,momentum,0.0,煤炭|石油石化|通信
2024-02-02,momentum,0.0,家用电器|煤炭|银行
2024-02-08,momentum,1.0,家用电器|煤炭|银行
2024-02-23,momentum,0.0,煤炭|通信|银行
2024-03-01,reversal,0.0,医药生物|环保|综合
2024-03-08,reversal,0.0,房地产|社会服务|综合
2024-03-15,reversal,0.0,传媒|综合|计算机
2024-03-22,reversal,0.0,医药生物|房地产|综合
2024-03-29,reversal,1.0,医药生物|房地产|综合
2024-04-03,reversal,0.0,医药生物|电子|计算机
2024-04-12,momentum,0.0,家用电器|汽车|煤炭
2024-04-19,momentum,1.0,家用电器|汽车|煤炭
2024-04-26,momentum,1.0,家用电器|汽车|煤炭
2024-04-30,momentum,1.0,家用电器|汽车|煤炭
2024-05-10,momentum,1.0,家用电器|汽车|煤炭
2024-05-17,momentum,0.0,家用电器|煤炭|银行
2024-05-24,momentum,1.0,家用电器|煤炭|银行
2024-05-31,momentum,1.0,家用电器|煤炭|银行
2024-06-07,momentum,1.0,家用电器|煤炭|银行
2024-06-14,momentum,0.0,公用事业|家用电器|煤炭
2024-06-21,momentum,0.0,煤炭|石油石化|银行
2024-06-28,momentum,1.0,煤炭|石油石化|银行
2024-07-05,reversal,0.0,传媒|社会服务|综合
2024-07-12,momentum,0.0,公用事业|煤炭|银行
2024-07-19,momentum,1.0,公用事业|煤炭|银行
2024-07-26,momentum,1.0,公用事业|煤炭|银行
2024-08-02,momentum,1.0,公用事业|煤炭|银行
2024-08-09,momentum,1.0,公用事业|煤炭|银行
2024-08-16,reversal,0.0,建筑材料|房地产|轻工制造
2024-08-23,reversal,0.0,农林牧渔|美容护理|轻工制造
2024-08-30,reversal,0.0,农林牧渔|煤炭|美容护理
2024-09-06,reversal,0.0,建筑材料|煤炭|美容护理
2024-09-13,reversal,1.0,建筑材料|煤炭|美容护理
2024-09-20,reversal,0.0,煤炭|美容护理|食品饮料
2024-09-27,reversal,0.0,公用事业|煤炭|石油石化
2024-09-30,reversal,1.0,公用事业|煤炭|石油石化
2024-10-11,reversal,1.0,公用事业|煤炭|石油石化
2024-10-18,momentum,0.0,家用电器|银行|非银金融
2024-10-25,reversal,0.0,公用事业|煤炭|石油石化
2024-11-01,reversal,1.0,公用事业|煤炭|石油石化
2024-11-08,reversal,1.0,公用事业|煤炭|石油石化
2024-11-15,reversal,1.0,公用事业|煤炭|石油石化
2024-11-22,reversal,0.0,公用事业|石油石化|银行
2024-11-29,momentum,0.0,家用电器|银行|非银金融
2024-12-06,reversal,0.0,公用事业|煤炭|石油石化
2024-12-13,reversal,0.0,公用事业|石油石化|银行
2024-12-20,reversal,0.0,公用事业|煤炭|石油石化
2024-12-27,reversal,0.0,有色金属|煤炭|食品饮料
2025-01-03,reversal,0.0,医药生物|煤炭|美容护理
2025-01-10,reversal,0.0,房地产|煤炭|美容护理
2025-01-17,reversal,0.0,医药生物|国防军工|煤炭
2025-01-24,reversal,0.0,国防军工|房地产|美容护理
2025-01-27,reversal,1.0,国防军工|房地产|美容护理
2025-02-07,reversal,1.0,国防军工|房地产|美容护理
2025-02-14,reversal,0.0,国防军工|房地产|电力设备
2025-02-21,reversal,0.0,建筑装饰|房地产|煤炭
2025-02-28,reversal,0.0,房地产|煤炭|非银金融
2025-03-07,reversal,0.0,房地产|煤炭|综合
2025-03-14,reversal,0.0,建筑装饰|房地产|煤炭
2025-03-21,reversal,0.0,商贸零售|房地产|煤炭
2025-03-28,reversal,0.0,商贸零售|煤炭|非银金融
2025-04-03,reversal,0.0,商贸零售|煤炭|石油石化
2025-04-11,reversal,0.0,煤炭|石油石化|综合
2025-04-18,reversal,0.0,煤炭|电力设备|石油石化
2025-04-25,reversal,0.0,电力设备|电子|通信
2025-04-30,momentum,0.0,汽车|电子|计算机
2025-05-09,momentum,1.0,汽车|电子|计算机
2025-05-16,reversal,0.0,传媒|计算机|通信
2025-05-23,momentum,0.0,汽车|电子|计算机
2025-05-30,momentum,0.0,商贸零售|综合|计算机
2025-06-06,momentum,0.0,电子|综合|计算机
2025-06-13,momentum,0.0,传媒|综合|计算机
2025-06-20,momentum,1.0,传媒|综合|计算机
2025-06-27,momentum,0.0,商贸零售|综合|计算机
2025-07-04,momentum,0.0,传媒|综合|计算机
2025-07-11,momentum,1.0,传媒|综合|计算机
2025-07-18,momentum,1.0,传媒|综合|计算机
2025-07-25,momentum,1.0,传媒|综合|计算机
2025-08-01,momentum,0.0,综合|计算机|通信
2025-08-08,momentum,1.0,综合|计算机|通信
2025-08-15,reversal,0.0,公用事业|美容护理|食品饮料
2025-08-22,reversal,0.0,交通运输|公用事业|食品饮料
2025-08-29,reversal,0.0,交通运输|公用事业|银行
2025-09-05,reversal,0.0,交通运输|石油石化|银行
2025-09-12,reversal,1.0,交通运输|石油石化|银行
2025-09-19,reversal,0.0,公用事业|石油石化|银行
2025-09-26,reversal,0.0,交通运输|公用事业|银行
2025-09-30,momentum,0.0,电子|综合|通信
2025-10-10,momentum,0.0,有色金属|综合|通信
2025-10-17,momentum,1.0,有色金属|综合|通信
2025-10-24,momentum,0.0,有色金属|电子|通信
2025-10-31,reversal,0.0,医药生物|美容护理|银行
2025-11-07,reversal,0.0,国防军工|美容护理|银行
2025-11-14,reversal,0.0,医药生物|国防军工|美容护理
2025-11-21,reversal,1.0,医药生物|国防军工|美容护理
2025-11-28,reversal,0.0,国防军工|美容护理|计算机
2025-12-05,reversal,0.0,医药生物|美容护理|食品饮料
2025-12-12,reversal,1.0,医药生物|美容护理|食品饮料
2025-12-19,reversal,0.0,医药生物|美容护理|计算机
2025-12-26,momentum,0.0,有色金属|电子|通信
2025-12-31,momentum,1.0,有色金属|电子|通信
2026-01-09,momentum,0.0,有色金属|综合|通信
2026-01-16,momentum,0.0,有色金属|电子|通信
2026-01-23,momentum,0.0,有色金属|综合|通信
2026-01-30,momentum,1.0,有色金属|综合|通信
2026-02-06,momentum,1.0,有色金属|综合|通信
2026-02-13,momentum,1.0,有色金属|综合|通信
2026-02-27,momentum,1.0,有色金属|综合|通信
2026-03-06,momentum,1.0,有色金属|综合|通信
2026-03-13,momentum,1.0,有色金属|综合|通信
2026-03-20,momentum,1.0,有色金属|综合|通信
2026-03-27,reversal,0.0,商贸零售|美容护理|非银金融
2026-04-03,reversal,0.0,商贸零售|房地产|非银金融
2026-04-10,momentum,0.0,有色金属|综合|通信
2026-04-17,momentum,1.0,有色金属|综合|通信
2026-04-24,momentum,1.0,有色金属|综合|通信
2026-04-30,reversal,0.0,传媒|商贸零售|计算机
2026-05-08,reversal,0.0,传媒|商贸零售|非银金融
2026-05-15,reversal,0.0,传媒|商贸零售|美容护理
2026-05-22,reversal,1.0,传媒|商贸零售|美容护理
2026-05-29,reversal,0.0,有色金属|石油石化|钢铁
2026-06-05,reversal,0.0,农林牧渔|石油石化|钢铁
2026-06-12,reversal,0.0,农林牧渔|美容护理|钢铁
2026-06-18,momentum,0.0,有色金属|电子|通信
2026-06-26,momentum,0.0,建筑材料|电子|通信
2026-07-03,momentum,1.0,建筑材料|电子|通信
2026-07-10,momentum,0.0,有色金属|电子|通信
2026-07-17,momentum,1.0,有色金属|电子|通信
2026-07-24,reversal,0.0,传媒|国防军工|社会服务
2026-07-31,reversal,0.0,国防军工|电力设备|综合
2026-08-07,reversal,0.0,国防军工|电力设备|轻工制造
2026-08-14,reversal,0.0,国防军工|汽车|电力设备
2026-08-21,reversal,1.0,国防军工|汽车|电力设备
2026-08-28,reversal,0.0,公用事业|电力设备|通信
2026-09-04,reversal,0.0,电力设备|电子|通信
2026-09-11,reversal,1.0,电力设备|电子|通信
2026-09-18,reversal,0.0,建筑材料|电子|通信
2026-09-24,reversal,0.0,建筑材料|电力设备|电子
